Query_ID	Target_ID	Optimal_offset	p-value	E-value	q-value	Overlap	Query_consensus	Target_consensus	Orientation
MAAAAW	MA1012.1	2	8.35134e-05	0.0442621	0.0859722	6	CAAAAT	CCAAAAATAGAAAG	-
MAAAAW	MA0558.1	7	0.00026921	0.142681	0.125151	6	CAAAAT	AATTTCCAAAAATAGAAAGAA	+
MAAAAW	MA0563.1	2	0.000364715	0.193299	0.125151	6	CAAAAT	CCAAAAATGGA	-
MAAAAW	MA0555.1	6	0.000911537	0.483115	0.17313	6	CAAAAT	ATTACCAAAAAAGGAAAGAA	+
MAAAAW	MA1187.1	0	0.000974755	0.51662	0.17313	6	CAAAAT	AAAAATATCT	-
MAAAAW	MA1183.1	1	0.00145194	0.769528	0.17313	6	CAAAAT	AAAAAATATCT	-
MAAAAW	MA1190.1	1	0.00145194	0.769528	0.17313	6	CAAAAT	AAAAAATATCT	-
MAAAAW	MA1204.1	5	0.00146626	0.777116	0.17313	6	CAAAAT	TTACCAAAAATGGAAAAT	+
MAAAAW	MA0554.1	2	0.00151361	0.802211	0.17313	6	CAAAAT	CCAAAAATGGAAAAA	-
MAAAAW	MA1184.1	2	0.00175388	0.929554	0.180551	6	CAAAAT	AAAAAAATATCTTA	+
MAAAAW	MA1185.1	0	0.00201013	1.06537	0.18812	6	CAAAAT	AAAAATATCT	-
CTCTCT	MA1416.1	1	0.000107107	0.0567668	0.0788353	6	CTCTCT	TCTCTCTCTCTCTC	-
CTCTCT	MA1402.1	2	0.000190405	0.100915	0.0788353	6	CTCTCT	CTCTCTCTCTCTCTCTCTCTC	+
CTCTCT	MA1404.1	1	0.000226102	0.119834	0.0788353	6	CTCTCT	TCTCTCTCTCTCTCTCTCTCTCTC	-
CTCTCT	MA1403.1	0	0.000297492	0.157671	0.0788353	6	CTCTCT	CTCTCTCTCTCTCTCTCTCTCTCTCTCTCT	-

# Tomtom (Motif Comparison Tool): Version 5.5.8 compiled on May 16 2025 at 08:52:16
# The format of this file is described at http://localhost:8080/meme_5.5.8/doc/tomtom-output-format.html.
# tomtom -oc tomtom_out -dist pearson -thresh 0.2 meme_out/meme.txt databases/JASPAR_plants.txt
